name,starts_on,ends_on,venue,city,province,official_url,substitution_opens_on,substitution_closes_on,substitution_url,events
Intercare Blouberg Marathon,2026-10-03,2026-10-04,Eden on the Bay,Bloubergstrand,Western Cape,https://runningcalendar.co.za/events/blouberg-marathon,2026-09-14,2026-09-19,https://www.entryninja.com/events/84000-intercare-blouberg-marathon,Marathon|42.2|2026-10-03 05:30; Half marathon|21.1|2026-10-04 06:00; 10 km|10|2026-10-04 06:30; 5 km beach fun run|5|2026-10-04 08:00
Hout Bay Twin Peaks,2026-10-03,,Dunes Beach Restaurant & Bar,Hout Bay,Western Cape,https://runningcalendar.co.za/events/hout-bay-twin-peaks,,,,42 km trail|42|2026-10-03 05:00; 30 km trail|30|2026-10-03 06:00; 16 km trail|16|2026-10-03 07:00
Landmarks Half Marathon,2026-11-01,,"Western Province Cricket Club, Rondebosch",Cape Town,Western Cape,https://axxesslandmarks.topevents.co.za/,,,,Half marathon|21.1|2026-11-01 06:00; 6 km fun run|6|2026-11-01 06:45
Sportsmans Warehouse Winelands Marathon,2026-11-07,,Eikestad Primary School,Stellenbosch,Western Cape,https://winelandsmarathon.com/,2026-10-01,2026-10-25,https://winelandsmarathon.com/,Marathon|42.2|2026-11-07 05:30; Half marathon|21.1|2026-11-07 06:00; 10 km|10|2026-11-07 06:30
SPAR Women's Challenge Jozi,2026-10-04,,"Marks Park Sports Club, Emmarentia",Johannesburg,Gauteng,https://sparwomenschallenge.co.za/jozi/,,,,10 km|10|2026-10-04 08:00; 5 km fun run|5|2026-10-04 08:00
Midvaal MADMAC,2026-10-04,,"Café du Cirque, Daleside",Meyerton,Gauteng,https://racepass.com/za/races/midvaal-madmac,,,,Marathon|42.2|2026-10-04 06:00; 22 km|22|2026-10-04 06:15; 11 km|11|2026-10-04 06:15; 5 km|5|2026-10-04 06:30
HOKA Half Runfest Johannesburg,2026-11-07,,Venue to be confirmed,Johannesburg,Gauteng,https://hokahalf.co.za/,,,,Half marathon|21.1|2026-11-07 06:00; 10 km|10|2026-11-07 06:10; 5 km fun run|5|2026-11-07 06:20
Run the Cape,2026-10-02,2026-10-04,Venue to be confirmed,Tulbagh,Western Cape,,,,,5 km trail|5; 7 km trail|7; 9 km trail|9; 19 km trail|19
7Weekspoort Challenge,2026-10-03,2026-10-04,Venue to be confirmed,Calitzdorp,Western Cape,,,,,10 km trail|10; 18 km trail|18
10K Whale Festival Fun Run,2026-10-03,,Venue to be confirmed,Hermanus,Western Cape,,,,,10 km|10
Cradle Mountain Trophy,2026-10-03,2026-10-04,Venue to be confirmed,Magaliesburg,Gauteng,,,,,5 km trail|5; 10 km trail|10; 15 km trail|15
DoringDraad,2026-10-03,,Venue to be confirmed,Dibeng,Northern Cape,,,,,5 km trail|5; 10 km trail|10
The Pink Xtreme,2026-10-03,,Venue to be confirmed,Wellington,Western Cape,,,,,5 km trail|5; 10 km trail|10; Half marathon trail|21.1
Pick n Pay Fun Run/Walk - Alberton,2026-10-03,,Venue to be confirmed,Alberton,Gauteng,,,,,5 km|5; 8 km|8
Irene Farm Backyard Ultra,2026-10-03,,Venue to be confirmed,Olifantsfontein,Gauteng,,,,,20 km|20; 40 km|40; 80 km|80
Run for Your Mind - Polokwane,2026-10-03,,Venue to be confirmed,Polokwane,Limpopo,,,,,5 km trail|5; 10 km trail|10
Dolfynkus Colour Run/Family Fun Walk,2026-10-03,,Venue to be confirmed,Ballito,KwaZulu-Natal,,,,,5 km|5
The Orchards Traverse Trail Run,2026-10-03,,Venue to be confirmed,Villiersdorp,Western Cape,,,,,7 km trail|7; 12 km trail|12; 20 km trail|20
Woodmill Lane Colour Run,2026-10-03,,Venue to be confirmed,Knysna,Western Cape,,,,,
"Running, Yoga, Breathwork & Soundbath Meditation",2026-10-03,,Venue to be confirmed,Soweto,Gauteng,,,,,8 km|8
Chamberlain Capital Classic,2026-10-03,,Venue to be confirmed,Pretoria East,Gauteng,,,,,5 km|5; 10 km|10; Half marathon|21.1
Rondebult Feet on the Street,2026-10-03,,Venue to be confirmed,Boksburg,Gauteng,,,,,4 km|4; 8 km|8
Vulture Conservation Trail Run,2026-10-03,,Venue to be confirmed,Kimberley,Northern Cape,,,,,5 km trail|5; 16 km trail|16
Komga Cabbage Patch,2026-10-03,,Venue to be confirmed,Great Kei Local Municipality,Eastern Cape,,,,,5 km trail|5; 15 km trail|15
TrailFun Spring Series,2026-10-03,,Venue to be confirmed,Stellenbosch,Western Cape,,,,,5 km trail|5; 10 km trail|10; 15 km trail|15; Half marathon trail|21.1
Work the Land,2026-10-03,,Venue to be confirmed,Mthatha,Eastern Cape,,,,,30 km|30
Two Countries Marathon,2026-10-03,,Venue to be confirmed,Musina,Limpopo,,,,,5 km|5; 10 km|10; Half marathon|21.1; Marathon|42.2
Red Barn Trail Run/Walk,2026-10-03,,Venue to be confirmed,Olifantsfontein,Gauteng,,,,,5 km trail|5; 10 km trail|10; 15 km trail|15; Half marathon trail|21.1
AfriPaw Half Marathon,2026-10-04,,Venue to be confirmed,Cape Town,Western Cape,,,,,11 km|11; Half marathon|21.1
Hazeldean Valley Scatter Run,2026-10-04,,Venue to be confirmed,Pretoria East,Gauteng,,,,,5 km trail|5; 8 km trail|8; 15 km trail|15
Howick Trail Run,2026-10-04,,Venue to be confirmed,Howick,KwaZulu-Natal,,,,,5 km trail|5; 10 km trail|10; 19 km trail|19
5km Fun Run/Walk - Fisanthoek,2026-10-04,,Venue to be confirmed,Wittedrift,Western Cape,,,,,5 km trail|5
Prime View Trail Run/Walk,2026-10-04,,Venue to be confirmed,Olifantsfontein,Gauteng,,,,,5 km trail|5; 10 km trail|10; 15 km trail|15; Half marathon trail|21.1
Run for Gaza - Cape Town,2026-10-04,,Venue to be confirmed,Cape Town,Western Cape,,,,,
2In1Peak Hike,2026-10-04,,Venue to be confirmed,George,Western Cape,,,,,
Rosewood Trails Night Run/Walk,2026-10-07,2026-10-17,Venue to be confirmed,Pretoria East,Gauteng,,,,,5 km trail|5; 10 km trail|10
Glencairn Trail Run,2026-10-09,2026-10-11,Venue to be confirmed,Himeville,KwaZulu-Natal,,,,,8 km trail|8; 10 km trail|10; 17 km trail|17; 18 km trail|18
Waterstone Village Spring into Wellness Run/Walk,2026-10-09,2026-10-10,Venue to be confirmed,Stellenbosch,Western Cape,,,,,5 km|5; 10 km|10
Run Brits Series,2026-10-10,,Venue to be confirmed,Brits,North West,,,,,5 km|5; 10 km|10; 15 km|15
Lüneburg Trail Run,2026-10-10,2026-10-11,Venue to be confirmed,Luneburg,KwaZulu-Natal,,,,,5 km trail|5; 10 km trail|10; 23 km trail|23; 65 km trail|65
Zuikerkop Adventure Dash,2026-10-10,,Venue to be confirmed,Hlohlolwane,Free State,,,,,6 km trail|6; 11 km trail|11; Half marathon trail|21.1
Fairview Goat Run,2026-10-10,,Venue to be confirmed,Paarl,Western Cape,,,,,5 km trail|5; 8 km trail|8; 15 km trail|15; 28 km trail|28
Koranna Mountain Ultra,2026-10-10,2026-10-12,Venue to be confirmed,Hlohlolwane,Free State,,,,,3 km trail|3; 5 km trail|5; 33 km trail|33; 45 km trail|45
K2K Trail,2026-10-10,,Venue to be confirmed,Tshwane,Gauteng,,,,,7 km trail|7; 15 km trail|15; 25 km trail|25; 50 km trail|50
Meiringspoort 21.1km,2026-10-10,,Venue to be confirmed,De Rust,Western Cape,,,,,13 km|13; Half marathon|21.1
Maselelo Race,2026-10-10,,Venue to be confirmed,Carousel View,North West,,,,,5 km|5; 10 km|10; Half marathon|21.1
Waverley Plaza 5km Fun Run/Walk,2026-10-10,,Venue to be confirmed,Pretoria,Gauteng,,,,,5 km|5
Floss Fun Run,2026-10-10,,Venue to be confirmed,Polokwane,Limpopo,,,,,5 km|5; 15 km|15; 32 km|32
Mooinooi Spring Fun Run/Walk,2026-10-10,,Venue to be confirmed,Mooinooi,North West,,,,,
World Homeless Day Run - Cape Town,2026-10-10,,Venue to be confirmed,Cape Town,Western Cape,,,,,5 km|5
Gaan Wild MTB & Run,2026-10-10,2026-10-11,Venue to be confirmed,Potchefstroom,North West,,,,,5 km trail|5; 15 km trail|15; 24 km trail|24
Breakfast Run - Acorn Guest Farm,2026-10-10,,Venue to be confirmed,Nazareth,Mpumalanga,,,,,5 km trail|5; 10 km trail|10
Mugg & Bean 5km Walk/Run - Mulbarton,2026-10-10,,Venue to be confirmed,Johannesburg South,Gauteng,,,,,5 km|5
Mental Health Awareness 35km Run - Cape Town,2026-10-10,,Venue to be confirmed,Cape Town,Western Cape,,,,,5 km|5; 10 km|10; 16 km|16; 35 km|35
Arc Irene Trail Run/Walk,2026-10-10,,Venue to be confirmed,Olifantsfontein,Gauteng,,,,,3 km trail|3; 5 km trail|5; 15 km trail|15; Half marathon trail|21.1
ARC Irene Road Run/Walk,2026-10-10,,Venue to be confirmed,Olifantsfontein,Gauteng,,,,,3 km|3; 5 km|5; 15 km|15; Half marathon|21.1
Lace Up & Run 4 Good,2026-10-10,,Venue to be confirmed,Kylemore,Western Cape,,,,,
Cascades Trail Run,2026-10-11,,Venue to be confirmed,Pietermaritzburg,KwaZulu-Natal,,,,,5 km trail|5; 10 km trail|10; 18 km trail|18
Valley of Grace Trail Run,2026-10-11,,Venue to be confirmed,Pretoria,Gauteng,,,,,5 km trail|5; 10 km trail|10; 15 km trail|15
The River Trail Run/Walk - Centurion,2026-10-11,,Venue to be confirmed,Olifantsfontein,Gauteng,,,,,5 km trail|5; 10 km trail|10; 20 km trail|20; Half marathon trail|21.1
